{
    "_information": {
        "title": "COM_AKEEBA_CONFIG_ENGINE_POSTPROC_IDRIVESYNC_TITLE",
        "description": "COM_AKEEBA_CONFIG_ENGINE_POSTPROC_IDRIVESYNC_DESCRIPTION"
    },
    "engine.postproc.common.after_part": {
        "default": "0",
        "type": "bool",
        "title": "COM_AKEEBA_CONFIG_POSTPROCPARTS_TITLE",
        "description": "COM_AKEEBA_CONFIG_POSTPROCPARTS_DESCRIPTION"
    },
    "engine.postproc.common.delete_after": {
        "default": "1",
        "type": "bool",
        "title": "COM_AKEEBA_CONFIG_DELETEAFTER_TITLE",
        "description": "COM_AKEEBA_CONFIG_DELETEAFTER_DESCRIPTION"
    },
    "engine.postproc.idrivesync.username": {
        "default": "",
        "type": "string",
        "title": "COM_AKEEBA_CONFIG_POSTPROC_IDRIVESYNC_USERNAME_TITLE",
        "description": "COM_AKEEBA_CONFIG_POSTPROC_IDRIVESYNC_USERNAME_DESCRIPTION"
    },
    "engine.postproc.idrivesync.password": {
        "default": "",
        "type": "password",
        "title": "COM_AKEEBA_CONFIG_POSTPROC_IDRIVESYNC_PASSWORD_TITLE",
        "description": "COM_AKEEBA_CONFIG_POSTPROC_IDRIVESYNC_PASSWORD_DESCRIPTION"
    },
    "engine.postproc.idrivesync.pvtkey": {
        "default": "",
        "type": "password",
        "title": "COM_AKEEBA_CONFIG_POSTPROC_IDRIVESYNC_PVTKEY_TITLE",
        "description": "COM_AKEEBA_CONFIG_POSTPROC_IDRIVESYNC_PVTKEY_DESCRIPTION"
    },
    "engine.postproc.idrivesync.directory": {
        "default": "",
        "type": "string",
        "title": "COM_AKEEBA_CONFIG_POSTPROC_IDRIVESYNC_DIRECTORY_TITLE",
        "description": "COM_AKEEBA_CONFIG_POSTPROC_IDRIVESYNC_DIRECTORY_DESCRIPTION"
    },
    "engine.postproc.idrivesync.newendpoint": {
        "default": "0",
        "type": "bool",
        "title": "COM_AKEEBA_CONFIG_POSTPROC_IDRIVESYNC_NEWENDPOINT_TITLE",
        "description": "COM_AKEEBA_CONFIG_POSTPROC_IDRIVESYNC_NEWENDPOINT_DESCRIPTION"
    }
}