<?xml version="1.0" encoding="utf-8"?>
<extension type="component" version="1.6" method="upgrade">
    <name>com_aclmanager</name>
    <author>Sander Potjer</author>
    <creationDate>2017-07-13</creationDate>
    <copyright>Copyright (c) 2011-2017 Sander Potjer Webdevelopment. All rights reserved.</copyright>
    <license>http://www.gnu.org/licenses/gpl-3.0.html GNU/GPL</license>
    <authorEmail>info@aclmanager.net</authorEmail>
    <authorUrl>https://www.aclmanager.net</authorUrl>
    <version>2.5.4</version>
    <description>Joomla ACL simplified</description>

    <administration>
        <!-- Administration menu -->
        <menu img="components/com_aclmanager/assets/images/icon-16-aclmanager.png" link="option=com_aclmanager">COM_ACLMANAGER</menu>

        <!-- Back-end files -->
        <files folder="admin">
            <filename>access.xml</filename>
            <filename>aclmanager.php</filename>
            <filename>config.xml</filename>
            <filename>controller.php</filename>
            <filename>index.html</filename>
            <folder>assets</folder>
            <folder>controllers</folder>
            <folder>helpers</folder>
            <folder>language</folder>
            <folder>models</folder>
            <folder>views</folder>
        </files>

    </administration>
</extension>
