{
    "_information": {
        "title": "COM_AKEEBA_CONFIG_ENGINE_ARCHIVER_JPS_TITLE",
        "description": "COM_AKEEBA_CONFIG_ENGINE_ARCHIVER_JPS_DESCRIPTION"
    },
    "engine.archiver.jps.key": {
        "default": "",
        "type": "password",
        "title": "COM_AKEEBA_CONFIG_JPS_KEY_TITLE",
        "description": "COM_AKEEBA_CONFIG_JPS_KEY_DESCRIPTION"
    },
    "engine.archiver.jps.pbkdf2usestaticsalt": {
        "default": "1",
        "type": "hidden",
        "title": "COM_AKEEBA_CONFIG_JPS_PBKDF2USESTATICSALT_TITLE",
        "description": "COM_AKEEBA_CONFIG_JPS_PBKDF2USESTATICSALT_DESCRIPTION"
    },
    "engine.archiver.common.dereference_symlinks": {
        "default": "0",
        "type": "bool",
        "title": "COM_AKEEBA_CONFIG_DEREFERENCESYMLINKS_TITLE",
        "description": "COM_AKEEBA_CONFIG_DEREFERENCESYMLINKS_DESCRIPTION"
    },
    "engine.archiver.common.part_size": {
        "default": "0",
        "type": "integer",
        "min": "0",
        "max": "2147483648",
        "shortcuts": "0|131072|262144|524288|1048576|2097152|5242880|10485760|20971520|52428800|104857600|268435456|536870912|1073741824|1610612736|2097152000",
        "scale": "1048576",
        "uom": "MB",
        "title": "COM_AKEEBA_CONFIG_PARTSIZE_TITLE",
        "description": "COM_AKEEBA_CONFIG_PARTSIZE_DESCRIPTION"
    }
}